{"mean":{"confidence_interval":{"confidence_level":0.95,"lower_bound":-0.35067833052551095,"upper_bound":-0.3347704846007856},"point_estimate":-0.34275078590871266,"standard_error":0.004068154402375199},"median":{"confidence_interval":{"confidence_level":0.95,"lower_bound":-0.3536494742573598,"upper_bound":-0.3339089887659907},"point_estimate":-0.34074995751641335,"standard_error":0.004843434344245365}}