{"mean":{"confidence_interval":{"confidence_level":0.95,"lower_bound":0.0471944313652604,"upper_bound":0.07238094494946035},"point_estimate":0.05980335454972319,"standard_error":0.0064256117154903565},"median":{"confidence_interval":{"confidence_level":0.95,"lower_bound":0.055845907823800944,"upper_bound":0.08700704492070566},"point_estimate":0.06852930483327868,"standard_error":0.00905200147505273}}